Source path,Class name,Method name,Method signature,Cyclomatic complexity,Cognitive complexity,Max nesting depth,Line count,Parameter count,ABC score,Assignments,Branches,Conditions,Halstead volume,Halstead difficulty,Halstead estimated bugs
src/main/java/org/openrewrite/java/pmd/AddPmdRule.java,org.openrewrite.java.pmd.AddPmdRule,getDisplayName,"org.openrewrite.java.pmd.AddPmdRule{name=getDisplayName,return=java.lang.String,parameters=[]}",1,0,0,4,0,0.0,0,0,0,2.0,0.5,0.0
src/main/java/org/openrewrite/java/pmd/AddPmdRule.java,org.openrewrite.java.pmd.AddPmdRule,getDescription,"org.openrewrite.java.pmd.AddPmdRule{name=getDescription,return=java.lang.String,parameters=[]}",1,0,0,6,0,0.0,0,0,0,13.93,1.0,0.0
src/main/java/org/openrewrite/java/pmd/AddPmdRule.java,org.openrewrite.java.pmd.AddPmdRule,validate,"org.openrewrite.java.pmd.AddPmdRule{name=validate,return=org.openrewrite.Validated<java.lang.Object>,parameters=[]}",2,1,0,6,0,4.47,0,4,2,99.4,4.67,0.02
src/main/java/org/openrewrite/java/pmd/AddPmdRule.java,org.openrewrite.java.pmd.AddPmdRule,getVisitor,"org.openrewrite.java.pmd.AddPmdRule{name=getVisitor,return=org.openrewrite.TreeVisitor<Generic{?}, org.openrewrite.ExecutionContext>,parameters=[]}",10,12,3,35,0,19.65,3,19,4,698.81,20.83,0.2
src/main/java/org/openrewrite/java/pmd/PmdRuleRef.java,org.openrewrite.java.pmd.PmdRuleRef,PmdRuleRef,"org.openrewrite.java.pmd.PmdRuleRef{name=<constructor>,return=org.openrewrite.java.pmd.PmdRuleRef,parameters=[]}",1,0,0,2,0,0.0,0,0,0,0.0,0.0,0.0
src/main/java/org/openrewrite/java/pmd/PmdRuleRef.java,org.openrewrite.java.pmd.PmdRuleRef,matches,"org.openrewrite.java.pmd.PmdRuleRef{name=matches,return=boolean,parameters=[java.lang.String,java.lang.String]}",2,1,0,3,2,4.12,0,4,1,66.61,4.71,0.02
src/main/java/org/openrewrite/java/pmd/PmdRuleRef.java,org.openrewrite.java.pmd.PmdRuleRef,name,"org.openrewrite.java.pmd.PmdRuleRef{name=name,return=java.lang.String,parameters=[java.lang.String]}",1,0,0,3,1,2.0,0,2,0,31.7,2.4,0.01
src/main/java/org/openrewrite/java/pmd/PmdRuleRef.java,org.openrewrite.java.pmd.PmdRuleRef,rulesetFile,"org.openrewrite.java.pmd.PmdRuleRef{name=rulesetFile,return=java.lang.String,parameters=[java.lang.String]}",2,1,0,4,1,2.45,1,2,1,59.21,3.44,0.01
src/main/java/org/openrewrite/java/pmd/PmdRuleRef.java,org.openrewrite.java.pmd.PmdRuleRef,attributeValue,"org.openrewrite.java.pmd.PmdRuleRef{name=attributeValue,return=java.lang.String,parameters=[org.openrewrite.xml.tree.Xml$Tag,java.lang.String]}",3,3,2,8,2,4.0,0,4,0,81.75,4.2,0.02
src/main/java/org/openrewrite/java/pmd/RemovePmdRule.java,org.openrewrite.java.pmd.RemovePmdRule,getDisplayName,"org.openrewrite.java.pmd.RemovePmdRule{name=getDisplayName,return=java.lang.String,parameters=[]}",1,0,0,4,0,0.0,0,0,0,2.0,0.5,0.0
src/main/java/org/openrewrite/java/pmd/RemovePmdRule.java,org.openrewrite.java.pmd.RemovePmdRule,getDescription,"org.openrewrite.java.pmd.RemovePmdRule{name=getDescription,return=java.lang.String,parameters=[]}",1,0,0,6,0,0.0,0,0,0,13.93,1.0,0.0
src/main/java/org/openrewrite/java/pmd/RemovePmdRule.java,org.openrewrite.java.pmd.RemovePmdRule,getVisitor,"org.openrewrite.java.pmd.RemovePmdRule{name=getVisitor,return=org.openrewrite.TreeVisitor<Generic{?}, org.openrewrite.ExecutionContext>,parameters=[]}",11,12,3,33,0,25.06,6,24,4,905.93,29.29,0.3
src/main/java/org/openrewrite/java/pmd/RemoveRulesetContentVisitor.java,org.openrewrite.java.pmd.RemoveRulesetContentVisitor,RemoveRulesetContentVisitor,"org.openrewrite.java.pmd.RemoveRulesetContentVisitor{name=<constructor>,return=org.openrewrite.java.pmd.RemoveRulesetContentVisitor,parameters=[org.openrewrite.xml.tree.Content]}",1,0,0,3,1,1.0,0,1,0,8.0,0.5,0.0
src/main/java/org/openrewrite/java/pmd/RemoveRulesetContentVisitor.java,org.openrewrite.java.pmd.RemoveRulesetContentVisitor,visitTag,"org.openrewrite.java.pmd.RemoveRulesetContentVisitor{name=visitTag,return=org.openrewrite.xml.tree.Xml,parameters=[org.openrewrite.xml.tree.Xml$Tag,Generic{P}]}",6,4,2,12,2,8.49,2,8,2,259.6,14.73,0.08
src/main/java/org/openrewrite/java/pmd/ReplacePmdRule.java,org.openrewrite.java.pmd.ReplacePmdRule,getDisplayName,"org.openrewrite.java.pmd.ReplacePmdRule{name=getDisplayName,return=java.lang.String,parameters=[]}",1,0,0,4,0,0.0,0,0,0,2.0,0.5,0.0
src/main/java/org/openrewrite/java/pmd/ReplacePmdRule.java,org.openrewrite.java.pmd.ReplacePmdRule,getDescription,"org.openrewrite.java.pmd.ReplacePmdRule{name=getDescription,return=java.lang.String,parameters=[]}",1,0,0,8,0,0.0,0,0,0,28.07,1.0,0.0
src/main/java/org/openrewrite/java/pmd/ReplacePmdRule.java,org.openrewrite.java.pmd.ReplacePmdRule,getVisitor,"org.openrewrite.java.pmd.ReplacePmdRule{name=getVisitor,return=org.openrewrite.TreeVisitor<Generic{?}, org.openrewrite.ExecutionContext>,parameters=[]}",17,25,4,51,0,39.67,9,38,7,1636.51,53.78,0.66
src/test/java/org/openrewrite/java/pmd/AddPmdRuleTest.java,org.openrewrite.java.pmd.AddPmdRuleTest,defaults,"org.openrewrite.java.pmd.AddPmdRuleTest{name=defaults,return=void,parameters=[org.openrewrite.test.RecipeSpec]}",1,0,0,4,1,2.0,0,2,0,15.51,1.0,0.0
src/test/java/org/openrewrite/java/pmd/AddPmdRuleTest.java,org.openrewrite.java.pmd.AddPmdRuleTest,addRuleReference,"org.openrewrite.java.pmd.AddPmdRuleTest{name=addRuleReference,return=void,parameters=[]}",1,0,0,22,0,2.0,0,2,0,15.51,1.0,0.0
src/test/java/org/openrewrite/java/pmd/AddPmdRuleTest.java,org.openrewrite.java.pmd.AddPmdRuleTest,addRuleToRulesetWithoutRules,"org.openrewrite.java.pmd.AddPmdRuleTest{name=addRuleToRulesetWithoutRules,return=void,parameters=[]}",1,0,0,21,0,2.0,0,2,0,15.51,1.0,0.0
src/test/java/org/openrewrite/java/pmd/AddPmdRuleTest.java,org.openrewrite.java.pmd.AddPmdRuleTest,enableRuleByRemovingExclusion,"org.openrewrite.java.pmd.AddPmdRuleTest{name=enableRuleByRemovingExclusion,return=void,parameters=[]}",1,0,0,25,0,2.0,0,2,0,15.51,1.0,0.0
src/test/java/org/openrewrite/java/pmd/AddPmdRuleTest.java,org.openrewrite.java.pmd.AddPmdRuleTest,doNotChangeRulesetThatAlreadyReferencesRule,"org.openrewrite.java.pmd.AddPmdRuleTest{name=doNotChangeRulesetThatAlreadyReferencesRule,return=void,parameters=[]}",1,0,0,16,0,2.0,0,2,0,11.61,1.0,0.0
src/test/java/org/openrewrite/java/pmd/AddPmdRuleTest.java,org.openrewrite.java.pmd.AddPmdRuleTest,doNotChangeRulesetThatReferencesWholeRulesetFile,"org.openrewrite.java.pmd.AddPmdRuleTest{name=doNotChangeRulesetThatReferencesWholeRulesetFile,return=void,parameters=[]}",1,0,0,16,0,2.0,0,2,0,11.61,1.0,0.0
src/test/java/org/openrewrite/java/pmd/AddPmdRuleTest.java,org.openrewrite.java.pmd.AddPmdRuleTest,doNotChangeXmlWithoutRootElement,"org.openrewrite.java.pmd.AddPmdRuleTest{name=doNotChangeXmlWithoutRootElement,return=void,parameters=[]}",1,0,0,11,0,2.0,0,2,0,11.61,1.0,0.0
src/test/java/org/openrewrite/java/pmd/AddPmdRuleTest.java,org.openrewrite.java.pmd.AddPmdRuleTest,doNotChangeNonRulesetXml,"org.openrewrite.java.pmd.AddPmdRuleTest{name=doNotChangeNonRulesetXml,return=void,parameters=[]}",1,0,0,14,0,2.0,0,2,0,11.61,1.0,0.0
src/test/java/org/openrewrite/java/pmd/AddPmdRuleTest.java,org.openrewrite.java.pmd.AddPmdRuleTest,bareRuleNameIsInvalid,"org.openrewrite.java.pmd.AddPmdRuleTest{name=bareRuleNameIsInvalid,return=void,parameters=[]}",1,0,0,4,0,5.0,0,5,0,38.05,2.5,0.01
src/test/java/org/openrewrite/java/pmd/ModernizePmdTest.java,org.openrewrite.java.pmd.ModernizePmdTest,defaults,"org.openrewrite.java.pmd.ModernizePmdTest{name=defaults,return=void,parameters=[org.openrewrite.test.RecipeSpec]}",1,0,0,7,1,5.0,0,5,0,53.3,2.5,0.01
src/test/java/org/openrewrite/java/pmd/ModernizePmdTest.java,org.openrewrite.java.pmd.ModernizePmdTest,modernizeRulesetWrittenForPmd6,"org.openrewrite.java.pmd.ModernizePmdTest{name=modernizeRulesetWrittenForPmd6,return=void,parameters=[]}",1,0,0,34,0,2.0,0,2,0,15.51,1.0,0.0
src/test/java/org/openrewrite/java/pmd/ModernizePmdTest.java,org.openrewrite.java.pmd.ModernizePmdTest,modernizeExclusions,"org.openrewrite.java.pmd.ModernizePmdTest{name=modernizeExclusions,return=void,parameters=[]}",1,0,0,35,0,2.0,0,2,0,15.51,1.0,0.0
src/test/java/org/openrewrite/java/pmd/ModernizePmdTest.java,org.openrewrite.java.pmd.ModernizePmdTest,doNotChangeRulesetThatIsAlreadyCurrent,"org.openrewrite.java.pmd.ModernizePmdTest{name=doNotChangeRulesetThatIsAlreadyCurrent,return=void,parameters=[]}",1,0,0,20,0,2.0,0,2,0,11.61,1.0,0.0
src/test/java/org/openrewrite/java/pmd/ModernizePmdTest.java,org.openrewrite.java.pmd.ModernizePmdTest,doNotChangeRulesThatRequireAJudgementCall,"org.openrewrite.java.pmd.ModernizePmdTest{name=doNotChangeRulesThatRequireAJudgementCall,return=void,parameters=[]}",1,0,0,18,0,2.0,0,2,0,11.61,1.0,0.0
src/test/java/org/openrewrite/java/pmd/Pmd6to7MigrationTest.java,org.openrewrite.java.pmd.Pmd6to7MigrationTest,defaults,"org.openrewrite.java.pmd.Pmd6to7MigrationTest{name=defaults,return=void,parameters=[org.openrewrite.test.RecipeSpec]}",1,0,0,7,1,5.0,0,5,0,53.3,2.5,0.01
src/test/java/org/openrewrite/java/pmd/Pmd6to7MigrationTest.java,org.openrewrite.java.pmd.Pmd6to7MigrationTest,migrateRuleset,"org.openrewrite.java.pmd.Pmd6to7MigrationTest{name=migrateRuleset,return=void,parameters=[]}",1,0,0,32,0,2.0,0,2,0,15.51,1.0,0.0
src/test/java/org/openrewrite/java/pmd/Pmd6to7MigrationTest.java,org.openrewrite.java.pmd.Pmd6to7MigrationTest,migrateExclusions,"org.openrewrite.java.pmd.Pmd6to7MigrationTest{name=migrateExclusions,return=void,parameters=[]}",1,0,0,30,0,2.0,0,2,0,15.51,1.0,0.0
src/test/java/org/openrewrite/java/pmd/Pmd6to7MigrationTest.java,org.openrewrite.java.pmd.Pmd6to7MigrationTest,migrateRulesReplacedByEmptyControlStatement,"org.openrewrite.java.pmd.Pmd6to7MigrationTest{name=migrateRulesReplacedByEmptyControlStatement,return=void,parameters=[]}",1,0,0,24,0,2.0,0,2,0,15.51,1.0,0.0
src/test/java/org/openrewrite/java/pmd/Pmd6to7MigrationTest.java,org.openrewrite.java.pmd.Pmd6to7MigrationTest,doNotChangeRulesetThatIsAlreadyOnPmd7,"org.openrewrite.java.pmd.Pmd6to7MigrationTest{name=doNotChangeRulesetThatIsAlreadyOnPmd7,return=void,parameters=[]}",1,0,0,18,0,2.0,0,2,0,11.61,1.0,0.0
src/test/java/org/openrewrite/java/pmd/Pmd6to7MigrationTest.java,org.openrewrite.java.pmd.Pmd6to7MigrationTest,doNotGuessWhenPmdSplitARuleAcrossSeveralSuccessors,"org.openrewrite.java.pmd.Pmd6to7MigrationTest{name=doNotGuessWhenPmdSplitARuleAcrossSeveralSuccessors,return=void,parameters=[]}",1,0,0,15,0,2.0,0,2,0,11.61,1.0,0.0
src/test/java/org/openrewrite/java/pmd/Pmd6to7MigrationTest.java,org.openrewrite.java.pmd.Pmd6to7MigrationTest,noChanges_on_empty_ruleset,"org.openrewrite.java.pmd.Pmd6to7MigrationTest{name=noChanges_on_empty_ruleset,return=void,parameters=[]}",1,0,0,16,0,2.0,0,2,0,11.61,1.0,0.0
src/test/java/org/openrewrite/java/pmd/Pmd6to7MigrationTest.java,org.openrewrite.java.pmd.Pmd6to7MigrationTest,preserve_custom_rule,"org.openrewrite.java.pmd.Pmd6to7MigrationTest{name=preserve_custom_rule,return=void,parameters=[]}",1,0,0,17,0,2.0,0,2,0,11.61,1.0,0.0
src/test/java/org/openrewrite/java/pmd/Pmd6to7MigrationTest.java,org.openrewrite.java.pmd.Pmd6to7MigrationTest,leaveRulesetTagThatIsNotTheDocumentRoot,"org.openrewrite.java.pmd.Pmd6to7MigrationTest{name=leaveRulesetTagThatIsNotTheDocumentRoot,return=void,parameters=[]}",1,0,0,14,0,2.0,0,2,0,11.61,1.0,0.0
src/test/java/org/openrewrite/java/pmd/Pmd6to7MigrationTest.java,org.openrewrite.java.pmd.Pmd6to7MigrationTest,removeStaleExclusionWhenReplacementMovesToAnotherRuleset,"org.openrewrite.java.pmd.Pmd6to7MigrationTest{name=removeStaleExclusionWhenReplacementMovesToAnotherRuleset,return=void,parameters=[]}",1,0,0,27,0,4.0,0,4,0,57.11,2.78,0.01
src/test/java/org/openrewrite/java/pmd/Pmd7RuleRenamesTest.java,org.openrewrite.java.pmd.Pmd7RuleRenamesTest,defaults,"org.openrewrite.java.pmd.Pmd7RuleRenamesTest{name=defaults,return=void,parameters=[org.openrewrite.test.RecipeSpec]}",1,0,0,7,1,5.0,0,5,0,53.3,2.5,0.01
src/test/java/org/openrewrite/java/pmd/Pmd7RuleRenamesTest.java,org.openrewrite.java.pmd.Pmd7RuleRenamesTest,renameRulesThatPmd7Renamed,"org.openrewrite.java.pmd.Pmd7RuleRenamesTest{name=renameRulesThatPmd7Renamed,return=void,parameters=[]}",1,0,0,35,0,2.0,0,2,0,15.51,1.0,0.0
src/test/java/org/openrewrite/java/pmd/Pmd7RuleRenamesTest.java,org.openrewrite.java.pmd.Pmd7RuleRenamesTest,renameJUnit4RulesToTheirUnitTestNames,"org.openrewrite.java.pmd.Pmd7RuleRenamesTest{name=renameJUnit4RulesToTheirUnitTestNames,return=void,parameters=[]}",1,0,0,28,0,2.0,0,2,0,15.51,1.0,0.0
src/test/java/org/openrewrite/java/pmd/Pmd7RuleRenamesTest.java,org.openrewrite.java.pmd.Pmd7RuleRenamesTest,renameExclusions,"org.openrewrite.java.pmd.Pmd7RuleRenamesTest{name=renameExclusions,return=void,parameters=[]}",1,0,0,32,0,2.0,0,2,0,15.51,1.0,0.0
src/test/java/org/openrewrite/java/pmd/Pmd7RuleRenamesTest.java,org.openrewrite.java.pmd.Pmd7RuleRenamesTest,moveRuleThatChangedCategory,"org.openrewrite.java.pmd.Pmd7RuleRenamesTest{name=moveRuleThatChangedCategory,return=void,parameters=[]}",1,0,0,20,0,2.0,0,2,0,15.51,1.0,0.0
src/test/java/org/openrewrite/java/pmd/Pmd7RuleRenamesTest.java,org.openrewrite.java.pmd.Pmd7RuleRenamesTest,doNotChangeRulesetThatAlreadyUsesTheCurrentNames,"org.openrewrite.java.pmd.Pmd7RuleRenamesTest{name=doNotChangeRulesetThatAlreadyUsesTheCurrentNames,return=void,parameters=[]}",1,0,0,20,0,2.0,0,2,0,11.61,1.0,0.0
src/test/java/org/openrewrite/java/pmd/Pmd7RuleRenamesTest.java,org.openrewrite.java.pmd.Pmd7RuleRenamesTest,doNotAdoptASuccessorRuleThatReportsSomethingElse,"org.openrewrite.java.pmd.Pmd7RuleRenamesTest{name=doNotAdoptASuccessorRuleThatReportsSomethingElse,return=void,parameters=[]}",1,0,0,18,0,2.0,0,2,0,11.61,1.0,0.0
src/test/java/org/openrewrite/java/pmd/Pmd7RuleRenamesTest.java,org.openrewrite.java.pmd.Pmd7RuleRenamesTest,doNotRenameARuleThatOnlyLooksLikeAPmdRule,"org.openrewrite.java.pmd.Pmd7RuleRenamesTest{name=doNotRenameARuleThatOnlyLooksLikeAPmdRule,return=void,parameters=[]}",1,0,0,14,0,2.0,0,2,0,11.61,1.0,0.0
src/test/java/org/openrewrite/java/pmd/RemovePmdRuleTest.java,org.openrewrite.java.pmd.RemovePmdRuleTest,defaults,"org.openrewrite.java.pmd.RemovePmdRuleTest{name=defaults,return=void,parameters=[org.openrewrite.test.RecipeSpec]}",1,0,0,4,1,2.0,0,2,0,15.51,1.0,0.0
src/test/java/org/openrewrite/java/pmd/RemovePmdRuleTest.java,org.openrewrite.java.pmd.RemovePmdRuleTest,removeRuleReference,"org.openrewrite.java.pmd.RemovePmdRuleTest{name=removeRuleReference,return=void,parameters=[]}",1,0,0,22,0,2.0,0,2,0,15.51,1.0,0.0
src/test/java/org/openrewrite/java/pmd/RemovePmdRuleTest.java,org.openrewrite.java.pmd.RemovePmdRuleTest,removeRuleReferenceWithNestedProperties,"org.openrewrite.java.pmd.RemovePmdRuleTest{name=removeRuleReferenceWithNestedProperties,return=void,parameters=[]}",1,0,0,23,0,2.0,0,2,0,15.51,1.0,0.0
src/test/java/org/openrewrite/java/pmd/RemovePmdRuleTest.java,org.openrewrite.java.pmd.RemovePmdRuleTest,removeExclusion,"org.openrewrite.java.pmd.RemovePmdRuleTest{name=removeExclusion,return=void,parameters=[]}",1,0,0,25,0,2.0,0,2,0,15.51,1.0,0.0
src/test/java/org/openrewrite/java/pmd/RemovePmdRuleTest.java,org.openrewrite.java.pmd.RemovePmdRuleTest,removeEveryReferenceInOneRuleset,"org.openrewrite.java.pmd.RemovePmdRuleTest{name=removeEveryReferenceInOneRuleset,return=void,parameters=[]}",1,0,0,27,0,2.0,0,2,0,15.51,1.0,0.0
src/test/java/org/openrewrite/java/pmd/RemovePmdRuleTest.java,org.openrewrite.java.pmd.RemovePmdRuleTest,removeByBareRuleName,"org.openrewrite.java.pmd.RemovePmdRuleTest{name=removeByBareRuleName,return=void,parameters=[]}",1,0,0,20,0,4.0,0,4,0,51.81,2.81,0.01
src/test/java/org/openrewrite/java/pmd/RemovePmdRuleTest.java,org.openrewrite.java.pmd.RemovePmdRuleTest,doNotRemoveWhenReferencedFromAnotherRuleset,"org.openrewrite.java.pmd.RemovePmdRuleTest{name=doNotRemoveWhenReferencedFromAnotherRuleset,return=void,parameters=[]}",1,0,0,17,0,2.0,0,2,0,11.61,1.0,0.0
src/test/java/org/openrewrite/java/pmd/RemovePmdRuleTest.java,org.openrewrite.java.pmd.RemovePmdRuleTest,doNotChangeXmlWithoutRootElement,"org.openrewrite.java.pmd.RemovePmdRuleTest{name=doNotChangeXmlWithoutRootElement,return=void,parameters=[]}",1,0,0,11,0,2.0,0,2,0,11.61,1.0,0.0
src/test/java/org/openrewrite/java/pmd/RemovePmdRuleTest.java,org.openrewrite.java.pmd.RemovePmdRuleTest,doNotChangeNonRulesetXml,"org.openrewrite.java.pmd.RemovePmdRuleTest{name=doNotChangeNonRulesetXml,return=void,parameters=[]}",1,0,0,14,0,2.0,0,2,0,11.61,1.0,0.0
src/test/java/org/openrewrite/java/pmd/ReplacePmdRuleTest.java,org.openrewrite.java.pmd.ReplacePmdRuleTest,defaults,"org.openrewrite.java.pmd.ReplacePmdRuleTest{name=defaults,return=void,parameters=[org.openrewrite.test.RecipeSpec]}",1,0,0,5,1,2.0,0,2,0,19.65,1.0,0.0
src/test/java/org/openrewrite/java/pmd/ReplacePmdRuleTest.java,org.openrewrite.java.pmd.ReplacePmdRuleTest,replaceRuleReference,"org.openrewrite.java.pmd.ReplacePmdRuleTest{name=replaceRuleReference,return=void,parameters=[]}",1,0,0,23,0,2.0,0,2,0,15.51,1.0,0.0
src/test/java/org/openrewrite/java/pmd/ReplacePmdRuleTest.java,org.openrewrite.java.pmd.ReplacePmdRuleTest,replaceRuleReferenceKeepingNestedProperties,"org.openrewrite.java.pmd.ReplacePmdRuleTest{name=replaceRuleReferenceKeepingNestedProperties,return=void,parameters=[]}",1,0,0,24,0,2.0,0,2,0,15.51,1.0,0.0
src/test/java/org/openrewrite/java/pmd/ReplacePmdRuleTest.java,org.openrewrite.java.pmd.ReplacePmdRuleTest,replaceExclusion,"org.openrewrite.java.pmd.ReplacePmdRuleTest{name=replaceExclusion,return=void,parameters=[]}",1,0,0,26,0,2.0,0,2,0,15.51,1.0,0.0
src/test/java/org/openrewrite/java/pmd/ReplacePmdRuleTest.java,org.openrewrite.java.pmd.ReplacePmdRuleTest,moveRuleToAnotherRuleset,"org.openrewrite.java.pmd.ReplacePmdRuleTest{name=moveRuleToAnotherRuleset,return=void,parameters=[]}",1,0,0,22,0,4.0,0,4,0,57.11,2.78,0.01
src/test/java/org/openrewrite/java/pmd/ReplacePmdRuleTest.java,org.openrewrite.java.pmd.ReplacePmdRuleTest,replaceByBareRuleNameRegardlessOfRuleset,"org.openrewrite.java.pmd.ReplacePmdRuleTest{name=replaceByBareRuleNameRegardlessOfRuleset,return=void,parameters=[]}",1,0,0,21,0,4.0,0,4,0,57.11,2.78,0.01
src/test/java/org/openrewrite/java/pmd/ReplacePmdRuleTest.java,org.openrewrite.java.pmd.ReplacePmdRuleTest,removeExclusionWhenReplacementIsInAnotherRuleset,"org.openrewrite.java.pmd.ReplacePmdRuleTest{name=removeExclusionWhenReplacementIsInAnotherRuleset,return=void,parameters=[]}",1,0,0,24,0,4.0,0,4,0,57.11,2.78,0.01
src/test/java/org/openrewrite/java/pmd/ReplacePmdRuleTest.java,org.openrewrite.java.pmd.ReplacePmdRuleTest,doNotChangeRuleReferencedFromAnotherRuleset,"org.openrewrite.java.pmd.ReplacePmdRuleTest{name=doNotChangeRuleReferencedFromAnotherRuleset,return=void,parameters=[]}",1,0,0,14,0,2.0,0,2,0,11.61,1.0,0.0
src/test/java/org/openrewrite/java/pmd/ReplacePmdRuleTest.java,org.openrewrite.java.pmd.ReplacePmdRuleTest,doNotChangeCustomRuleDefinedInPlace,"org.openrewrite.java.pmd.ReplacePmdRuleTest{name=doNotChangeCustomRuleDefinedInPlace,return=void,parameters=[]}",1,0,0,16,0,2.0,0,2,0,11.61,1.0,0.0
src/test/java/org/openrewrite/java/pmd/ReplacePmdRuleTest.java,org.openrewrite.java.pmd.ReplacePmdRuleTest,doNotChangeXmlWithoutRootElement,"org.openrewrite.java.pmd.ReplacePmdRuleTest{name=doNotChangeXmlWithoutRootElement,return=void,parameters=[]}",1,0,0,11,0,2.0,0,2,0,11.61,1.0,0.0
src/test/java/org/openrewrite/java/pmd/ReplacePmdRuleTest.java,org.openrewrite.java.pmd.ReplacePmdRuleTest,doNotChangeNonRulesetXml,"org.openrewrite.java.pmd.ReplacePmdRuleTest{name=doNotChangeNonRulesetXml,return=void,parameters=[]}",1,0,0,14,0,2.0,0,2,0,11.61,1.0,0.0
